417,,,
.44 Mag,,,
1911 TACOPS,1911,,
416-C,416,,
5.7 USG,5.7,,
552 Com,552,,
556XI,556,,
6P41,,,
9mm C1,9mm,C1,
9x19 VSN,9x19,,
ACS12,ACS,,
AK-12,AK12,,
AK-74M,AK-74,AK74,AK74M
ALDA 5.56,ALDA,,
AR-15.50,AR15,AR-15,
AR33,,,
ARX200,ARX,,
AUG A2,AUG-A2,,
AUG A3,AUG-A3,,
BEARING 9,B9,BEARING,
BOSG 12.2,BOSG,,
C75 Auto,C75,CZ,
C7E,C75,,
C8-SFW,C8,,
CAMRS,,,
Commando 9,Commando9,Commando-9,
CSRX 300,CSRX300,CSRX,SNIPER
D-50,Deagle,DESERT EAGLE,
DP27,,,
F2,FAMAS,,
F90,,,
FMG-9,FMG,,
G36C,G36,,
G8A1,G8,,
GSH-18,GSH,,
K1A,K1,,
Keratos .357,Keratos,,
L85A2,L85,,
LFP586,LFP,,
LMG-E,LMGE,,
Luison,,,
M12,,,
M249,,,
M249 SAW,,,
M4,,,
M45,,,
M762,,,
Mk1 9mm,Mk1,,
MK14 EBR,MK14,MK-14,
MK17 CQB,MK17,MK-17,
MP5,,,
MP5 SD,MP5SD,MP5-SD,
MP5K,,,
MP7,,,
MPX,,,
Mx4 Storm,Mx4,,
OTs-03,Ots,,
P-10C,P10C,,
P10 RONI,RONI,P10,
P12,,,
P226,,,
P229,,,
P9,,,
P90,,,
PARA-308,PARA,PARA308,
PDW9,PDW,,
PMM,,,
PRB92,PRB,,
Q-929,Q929,,
R4-C,R4C,R4,
RG15,RG-15,RG,
SC3000K,SC3K,SC3,
Scorpion,,,
SDP 9mm,SDP9mm,SDP,
SMG-11,SMG11,,
SMG-12,SMG12,,
Spear .308,Spear,,
SPSMG9,MP9,,
SR-25,SR25,,
T-5 SMG,T5 SMG,T5,
T-95 LSW,T95 LSW,T95,
TCSG12,TCSG,,
TYPE-89,TYPE89,T89,
UMP45,UMP,,
USP40,USP,,
V308,V-308,,
Vector,,,
